Round/Epoch,Train Loss,SGD Steps,Val Loss,Val Mean AUC ROC,Val Macro F1,Val AUC Atelectasis,Val AUC Cardiomegaly,Val AUC Effusion,Val AUC Infiltration,Val AUC Mass,Val AUC Nodule,Val AUC Pneumonia,Val AUC Pneumothorax,Val AUC Consolidation,Val AUC Edema,Val AUC Emphysema,Val AUC Fibrosis,Val AUC Pleural_Thickening,Val AUC Hernia,Val Sensitivity Atelectasis,Val Sensitivity Cardiomegaly,Val Sensitivity Effusion,Val Sensitivity Infiltration,Val Sensitivity Mass,Val Sensitivity Nodule,Val Sensitivity Pneumonia,Val Sensitivity Pneumothorax,Val Sensitivity Consolidation,Val Sensitivity Edema,Val Sensitivity Emphysema,Val Sensitivity Fibrosis,Val Sensitivity Pleural_Thickening,Val Sensitivity Hernia,Peak RAM (MB),Peak VRAM (MB),Peak GPU Util (%)
1,1.1991,2449,1.1504,0.7705,0.1690,0.7613,0.8903,0.8628,0.6454,0.7248,0.6708,0.6925,0.7651,0.7794,0.8898,0.7893,0.7144,0.7301,0.8715,0.6292,0.9711,0.7165,0.4453,0.3844,0.4382,0.4578,0.3833,0.5827,0.5517,0.6331,0.5396,0.3434,1.0000,1042.5,5266.0,100.0
2,1.0758,2449,1.0177,0.8104,0.1608,0.7881,0.9087,0.8775,0.6705,0.8090,0.7359,0.7160,0.8334,0.7883,0.9016,0.8359,0.7749,0.7776,0.9288,0.8133,0.8555,0.9008,0.8073,0.5766,0.8286,0.5422,0.7833,0.8008,0.8621,0.7626,0.8561,0.7929,1.0000,1059.2,5266.0,100.0
3,1.0057,2449,1.0074,0.8167,0.1754,0.7972,0.9119,0.8858,0.6780,0.8172,0.7448,0.7343,0.8384,0.7907,0.9055,0.8494,0.7731,0.7928,0.9145,0.6897,0.9422,0.8005,0.5577,0.6727,0.8286,0.6024,0.7292,0.7857,0.9052,0.6691,0.5755,0.6212,1.0000,1042.8,5266.0,91.0
4,0.9623,2449,0.9834,0.8208,0.1634,0.7960,0.9139,0.8857,0.6729,0.8263,0.7453,0.7374,0.8449,0.7870,0.9022,0.8673,0.7866,0.7872,0.9381,0.6502,0.8555,0.8238,0.7219,0.7628,0.8503,0.7952,0.8417,0.8346,0.8879,0.7842,0.9065,0.8232,0.8000,1059.5,5266.0,100.0
5,0.9165,2449,0.9788,0.8260,0.1921,0.8034,0.9292,0.8895,0.6858,0.8254,0.7526,0.7260,0.8431,0.7925,0.9058,0.8745,0.7850,0.7937,0.9575,0.8368,0.9595,0.8390,0.5650,0.6306,0.5315,0.5904,0.6417,0.7820,0.7155,0.6906,0.5108,0.6616,0.8000,1047.0,5266.0,91.0
6,0.8852,2449,0.9650,0.8287,0.1911,0.8087,0.9247,0.8933,0.6890,0.8236,0.7565,0.7490,0.8409,0.7944,0.9057,0.8834,0.8095,0.8013,0.9211,0.7503,0.8497,0.7771,0.6745,0.6907,0.7636,0.4699,0.7708,0.7143,0.7241,0.7194,0.7986,0.7424,0.8000,1041.9,5266.0,91.0
7,0.8415,2449,1.0427,0.8236,0.2010,0.8059,0.9128,0.8923,0.6773,0.8276,0.7515,0.7183,0.8441,0.7989,0.8989,0.8857,0.7914,0.7938,0.9313,0.8133,0.9191,0.8203,0.6102,0.5796,0.3731,0.4578,0.7583,0.6278,0.6983,0.7410,0.5827,0.7525,0.6000,1045.4,5266.0,91.0
8,0.8169,2449,1.1376,0.8162,0.2137,0.8018,0.9149,0.8908,0.6821,0.8171,0.7472,0.7100,0.8134,0.8064,0.9014,0.8722,0.7828,0.7768,0.9105,0.7157,0.7803,0.7970,0.4759,0.6396,0.4794,0.4337,0.5125,0.7030,0.7414,0.4892,0.4245,0.6414,0.6000,1059.7,5266.0,100.0
9,0.7735,2449,1.1124,0.8179,0.2143,0.8063,0.9248,0.8927,0.6887,0.8258,0.7588,0.6957,0.8309,0.7946,0.8980,0.8776,0.7762,0.7900,0.8903,0.7478,0.7630,0.7491,0.5606,0.6937,0.5965,0.4096,0.6125,0.6729,0.7500,0.7338,0.6763,0.4444,0.6000,1059.7,5266.0,100.0
10,0.7304,2449,1.1885,0.8041,0.2075,0.8059,0.9220,0.8905,0.6922,0.8134,0.7522,0.6484,0.8341,0.7960,0.9010,0.8730,0.7726,0.7608,0.7951,0.7491,0.7803,0.7865,0.4898,0.5826,0.6920,0.3253,0.6167,0.6654,0.6983,0.5827,0.6547,0.5859,0.5000,1059.7,5266.0,100.0
11,0.6860,2449,1.2940,0.8061,0.2137,0.8021,0.9146,0.8852,0.6831,0.8160,0.7385,0.6924,0.8143,0.7696,0.8878,0.8845,0.7634,0.7503,0.8833,0.7812,0.7457,0.8366,0.5752,0.5916,0.5271,0.4458,0.5292,0.5564,0.7241,0.6691,0.4604,0.5556,0.6000,1059.7,5266.0,100.0
12,0.6322,2449,1.2993,0.8037,0.2001,0.7961,0.9192,0.8844,0.6769,0.8114,0.7409,0.6803,0.8169,0.7717,0.8870,0.8763,0.7579,0.7432,0.8900,0.6761,0.8439,0.8541,0.6401,0.4715,0.5336,0.3855,0.6208,0.4925,0.7155,0.6043,0.6619,0.6212,0.6000,1059.8,5266.0,100.0
13,0.5976,2449,1.4657,0.8055,0.2164,0.7982,0.9040,0.8866,0.6801,0.8112,0.7116,0.6773,0.8280,0.7768,0.8807,0.8803,0.7746,0.7742,0.8936,0.7367,0.6416,0.7888,0.5365,0.6066,0.4837,0.4217,0.5500,0.3947,0.6379,0.6547,0.5755,0.5808,0.6000,1059.8,5266.0,100.0
14,0.5558,2449,1.5391,0.8004,0.2158,0.7967,0.9126,0.8841,0.6746,0.8059,0.7261,0.6565,0.8086,0.7640,0.8885,0.8701,0.7545,0.7468,0.9163,0.6724,0.6069,0.7830,0.6526,0.5586,0.5445,0.1928,0.5417,0.5226,0.6034,0.5899,0.4101,0.5455,0.6000,1059.8,5266.0,100.0
15,0.5008,2449,1.7500,0.7996,0.2316,0.7896,0.9238,0.8844,0.6764,0.8046,0.7079,0.6672,0.8042,0.7546,0.8795,0.8711,0.7806,0.7230,0.9271,0.7058,0.6879,0.7725,0.5985,0.5075,0.4013,0.2169,0.4167,0.3571,0.5948,0.5036,0.3957,0.3737,0.5000,1059.8,5266.0,100.0
16,0.4621,2449,1.9261,0.7954,0.2370,0.7936,0.9084,0.8843,0.6755,0.7940,0.7146,0.6742,0.8013,0.7427,0.8806,0.8693,0.7649,0.7179,0.9140,0.7330,0.6647,0.7643,0.5496,0.5526,0.3015,0.2169,0.4250,0.3947,0.5776,0.4676,0.3597,0.3889,0.5000,1059.8,5266.0,100.0
17,0.4311,2449,1.9068,0.7963,0.2287,0.7952,0.9130,0.8808,0.6718,0.7870,0.7125,0.6834,0.8117,0.7650,0.8738,0.8789,0.7493,0.7212,0.9045,0.6539,0.6301,0.7725,0.6474,0.4775,0.3905,0.2892,0.3250,0.4436,0.6121,0.5612,0.3381,0.3737,0.5000,1059.8,5266.0,100.0
18,0.3861,2449,2.1506,0.7905,0.2356,0.7883,0.9139,0.8800,0.6710,0.7929,0.7062,0.6640,0.7980,0.7360,0.8768,0.8667,0.7547,0.7161,0.9022,0.6848,0.5665,0.7818,0.6423,0.4715,0.4187,0.0964,0.3708,0.4135,0.5172,0.5252,0.2734,0.3030,0.5000,1059.8,5266.0,100.0
19,0.3556,2449,2.4406,0.7868,0.2427,0.7796,0.9090,0.8758,0.6709,0.7814,0.7047,0.6874,0.7985,0.7316,0.8686,0.8617,0.7288,0.7266,0.8906,0.5970,0.4335,0.7701,0.5920,0.3844,0.4230,0.1928,0.3542,0.3120,0.3879,0.4245,0.1439,0.2071,0.5000,1059.8,5266.0,100.0
20,0.3267,2449,2.1886,0.7875,0.2345,0.7882,0.9124,0.8753,0.6730,0.7730,0.7074,0.6838,0.7960,0.7236,0.8851,0.8569,0.7497,0.7135,0.8869,0.6687,0.5549,0.7783,0.6314,0.4655,0.4382,0.1928,0.3833,0.3233,0.4138,0.4173,0.3525,0.3737,0.4000,1059.8,5266.0,100.0
21,0.3026,2449,2.4013,0.7805,0.2307,0.7648,0.9036,0.8754,0.6714,0.7720,0.6857,0.6329,0.7956,0.7209,0.8719,0.8683,0.7388,0.7037,0.9223,0.5896,0.4855,0.7550,0.5978,0.4264,0.3774,0.1205,0.3958,0.3459,0.4914,0.4748,0.2302,0.2273,0.4000,1059.8,5266.0,100.0
22,0.2783,2449,2.5257,0.7850,0.2358,0.7755,0.9081,0.8741,0.6729,0.7826,0.6890,0.6746,0.7945,0.7128,0.8814,0.8489,0.7427,0.7211,0.9119,0.5748,0.5087,0.6849,0.5416,0.4505,0.3384,0.1566,0.3833,0.2406,0.4310,0.3813,0.2302,0.2727,0.6000,1059.8,5266.0,100.0
23,0.2464,2449,2.9975,0.7773,0.2337,0.7620,0.9048,0.8666,0.6756,0.7691,0.6912,0.6806,0.7937,0.7061,0.8548,0.8372,0.7422,0.6920,0.9068,0.4536,0.4220,0.6873,0.5073,0.4414,0.3774,0.0723,0.3042,0.1278,0.2241,0.3165,0.1942,0.1566,0.5000,1059.8,5266.0,100.0
24,0.2276,2449,2.9163,0.7826,0.2397,0.7666,0.8910,0.8669,0.6716,0.7847,0.7107,0.6687,0.7944,0.7335,0.8536,0.8392,0.7462,0.7137,0.9154,0.5179,0.4566,0.7620,0.6139,0.4474,0.3297,0.1084,0.3208,0.2481,0.2931,0.3525,0.2086,0.1667,0.4000,1059.8,5266.0,100.0
25,0.2123,2449,2.9489,0.7801,0.2500,0.7667,0.9039,0.8701,0.6668,0.7737,0.6794,0.6816,0.7795,0.7146,0.8842,0.8497,0.7533,0.7011,0.8965,0.5192,0.3931,0.7165,0.5584,0.3243,0.2928,0.1566,0.2667,0.1955,0.4052,0.4029,0.2662,0.1717,0.5000,1059.8,5266.0,100.0
26,0.1888,2449,3.3013,0.7735,0.2359,0.7589,0.8923,0.8701,0.6568,0.7794,0.6930,0.6489,0.7668,0.7102,0.8569,0.8417,0.7191,0.7155,0.9195,0.4981,0.4277,0.6931,0.4876,0.3814,0.2191,0.0482,0.2292,0.1880,0.2500,0.3525,0.1871,0.1566,0.5000,1059.8,5266.0,100.0
27,0.1697,2449,3.4317,0.7689,0.2468,0.7593,0.8994,0.8656,0.6600,0.7549,0.6877,0.6617,0.7557,0.7230,0.8523,0.8338,0.7294,0.7068,0.8754,0.4153,0.3757,0.6628,0.5007,0.3574,0.2516,0.0843,0.1958,0.2293,0.2414,0.2662,0.2014,0.2323,0.4000,1059.8,5266.0,100.0
28,0.1557,2449,3.6029,0.7720,0.2426,0.7643,0.9029,0.8639,0.6550,0.7872,0.6831,0.6598,0.7734,0.7214,0.8489,0.8312,0.7113,0.7175,0.8875,0.4240,0.3064,0.5788,0.4241,0.3964,0.3362,0.0361,0.2167,0.2406,0.2586,0.2878,0.1439,0.1818,0.5000,1059.8,5266.0,100.0
29,0.1381,2449,3.7967,0.7695,0.2375,0.7451,0.8942,0.8600,0.6608,0.7645,0.6839,0.6643,0.7773,0.7054,0.8480,0.8352,0.7268,0.6996,0.9085,0.4104,0.3757,0.6604,0.4336,0.3183,0.2278,0.0241,0.2292,0.1504,0.2672,0.2590,0.1655,0.1010,0.4000,1040.9,5266.0,91.0
30,0.1234,2449,3.8778,0.7692,0.2425,0.7611,0.8959,0.8604,0.6515,0.7686,0.6810,0.6646,0.7692,0.7056,0.8524,0.8349,0.7237,0.6954,0.9045,0.3857,0.3873,0.5916,0.4584,0.2793,0.2451,0.0241,0.2250,0.1278,0.2241,0.2374,0.1727,0.1061,0.6000,1059.8,5266.0,100.0
31,0.1107,2449,4.1071,0.7621,0.2375,0.7517,0.8860,0.8574,0.6585,0.7805,0.6749,0.6367,0.7626,0.6986,0.8464,0.8359,0.7029,0.6794,0.8982,0.3498,0.2832,0.5578,0.3723,0.3093,0.2299,0.0120,0.1625,0.1579,0.2069,0.2806,0.1511,0.0606,0.6000,1059.8,5266.0,100.0
32,0.1008,2449,4.1653,0.7614,0.2336,0.7407,0.8808,0.8603,0.6527,0.7821,0.6825,0.6502,0.7676,0.7106,0.8302,0.8257,0.7021,0.6944,0.8803,0.3053,0.3353,0.5928,0.4095,0.3033,0.1844,0.0241,0.2292,0.1090,0.2155,0.2590,0.1151,0.1263,0.4000,1059.8,5266.0,100.0
33,0.0889,2449,4.3356,0.7624,0.2303,0.7488,0.8838,0.8576,0.6444,0.7767,0.6678,0.6700,0.7582,0.7005,0.8550,0.8284,0.7075,0.6838,0.8914,0.3239,0.2775,0.5461,0.3445,0.2943,0.2082,0.0602,0.1542,0.1090,0.2241,0.2086,0.1151,0.1010,0.4000,1059.8,5266.0,100.0
34,0.0788,2449,4.4444,0.7598,0.2266,0.7462,0.8799,0.8543,0.6445,0.7635,0.6820,0.6588,0.7739,0.6983,0.8221,0.8207,0.7042,0.6924,0.8964,0.2769,0.3006,0.5788,0.3657,0.2523,0.1757,0.0361,0.1583,0.1053,0.1810,0.2518,0.1151,0.1061,0.4000,1057.6,5266.0,92.0
35,0.0707,2449,4.6222,0.7576,0.2269,0.7414,0.8864,0.8556,0.6479,0.7580,0.6777,0.6551,0.7630,0.6993,0.8217,0.8183,0.7003,0.6818,0.8996,0.3177,0.3064,0.5041,0.3591,0.2553,0.1410,0.0241,0.1792,0.1165,0.1466,0.2446,0.1223,0.0707,0.4000,1059.8,5266.0,100.0
36,0.0649,2449,4.7811,0.7570,0.2261,0.7402,0.8772,0.8560,0.6446,0.7655,0.6843,0.6491,0.7571,0.6838,0.8306,0.8201,0.6874,0.6828,0.9196,0.2818,0.2197,0.4924,0.3168,0.2432,0.1735,0.0241,0.1833,0.0902,0.1810,0.2086,0.1079,0.0758,0.6000,1059.8,5266.0,100.0
37,0.0569,2449,4.8449,0.7561,0.2218,0.7445,0.8763,0.8553,0.6548,0.7637,0.6764,0.6580,0.7508,0.6939,0.8261,0.8143,0.6939,0.6715,0.9056,0.2954,0.2370,0.5344,0.3387,0.2583,0.1280,0.0241,0.1375,0.0865,0.1810,0.2086,0.0935,0.0606,0.5000,1059.8,5266.0,100.0
38,0.0512,2449,4.9675,0.7562,0.2171,0.7422,0.8739,0.8519,0.6467,0.7679,0.6757,0.6604,0.7587,0.6953,0.8163,0.8190,0.6914,0.6772,0.9106,0.2991,0.2659,0.5064,0.2569,0.2252,0.1497,0.0241,0.1542,0.0865,0.1552,0.1727,0.0863,0.0758,0.4000,1059.8,5266.0,100.0
39,0.0467,2449,5.0419,0.7543,0.2237,0.7382,0.8778,0.8537,0.6428,0.7692,0.6807,0.6640,0.7379,0.6900,0.8180,0.8159,0.6966,0.6716,0.9036,0.2855,0.2428,0.5088,0.3343,0.2462,0.1584,0.0241,0.1250,0.0827,0.1638,0.1655,0.1151,0.0758,0.5000,1059.8,5266.0,100.0
40,0.0426,2449,5.1946,0.7532,0.2098,0.7402,0.8774,0.8541,0.6413,0.7683,0.6765,0.6572,0.7555,0.6943,0.8115,0.8046,0.6907,0.6724,0.9008,0.2658,0.2370,0.5146,0.2861,0.2222,0.1280,0.0241,0.1208,0.0677,0.1724,0.1655,0.0791,0.0556,0.4000,1059.8,5266.0,100.0
41,0.0385,2449,5.2018,0.7522,0.2097,0.7391,0.8719,0.8490,0.6429,0.7684,0.6783,0.6662,0.7411,0.6856,0.8123,0.8093,0.6891,0.6801,0.8970,0.2732,0.2197,0.5029,0.2781,0.2432,0.1345,0.0241,0.1167,0.0677,0.1724,0.1727,0.0791,0.0707,0.4000,1059.8,5266.0,100.0
42,0.0357,2449,5.2424,0.7530,0.2135,0.7429,0.8680,0.8496,0.6405,0.7658,0.6834,0.6606,0.7433,0.6975,0.8052,0.8136,0.6880,0.6848,0.8986,0.2855,0.2254,0.4889,0.2358,0.2252,0.1388,0.0241,0.1167,0.0827,0.1724,0.2230,0.0719,0.1061,0.4000,1059.8,5266.0,100.0
43,0.0337,2449,5.2932,0.7505,0.2117,0.7368,0.8689,0.8484,0.6414,0.7640,0.6751,0.6616,0.7384,0.6879,0.8157,0.8084,0.6892,0.6778,0.8937,0.2744,0.2312,0.4796,0.2774,0.2132,0.1367,0.0241,0.1333,0.0714,0.1724,0.1655,0.0863,0.0657,0.4000,1059.8,5266.0,100.0
44,0.0319,2449,5.3497,0.7500,0.2160,0.7383,0.8672,0.8485,0.6399,0.7666,0.6750,0.6578,0.7407,0.6957,0.8084,0.8099,0.6850,0.6755,0.8910,0.2522,0.2197,0.4761,0.2774,0.2162,0.1367,0.0241,0.1292,0.0789,0.1638,0.1799,0.0863,0.0808,0.4000,1059.8,5266.0,100.0
45,0.0298,2449,5.3807,0.7499,0.2082,0.7369,0.8671,0.8472,0.6404,0.7655,0.6778,0.6638,0.7415,0.6911,0.8070,0.8085,0.6869,0.6788,0.8859,0.2509,0.2139,0.4749,0.2745,0.1982,0.1323,0.0241,0.1167,0.0902,0.1552,0.1655,0.0647,0.0606,0.4000,1059.8,5266.0,100.0
46,0.0287,2449,5.4181,0.7495,0.2074,0.7366,0.8666,0.8493,0.6422,0.7639,0.6749,0.6614,0.7418,0.6893,0.8040,0.8091,0.6865,0.6726,0.8951,0.2583,0.2023,0.4901,0.2584,0.2102,0.1302,0.0241,0.1292,0.0714,0.1552,0.1511,0.0719,0.0606,0.4000,1059.8,5266.0,100.0
47,0.0277,2449,5.4551,0.7499,0.2106,0.7380,0.8665,0.8482,0.6405,0.7657,0.6752,0.6626,0.7430,0.6892,0.8093,0.8081,0.6856,0.6741,0.8929,0.2583,0.2081,0.4854,0.2438,0.2072,0.1258,0.0241,0.1250,0.0789,0.1724,0.1583,0.0791,0.0657,0.4000,1059.8,5266.0,100.0
48,0.0267,2449,5.4616,0.7500,0.2076,0.7364,0.8663,0.8489,0.6418,0.7657,0.6760,0.6615,0.7424,0.6879,0.8087,0.8095,0.6848,0.6767,0.8928,0.2534,0.2081,0.4866,0.2445,0.2072,0.1258,0.0241,0.1167,0.0714,0.1638,0.1655,0.0647,0.0657,0.4000,1059.8,5266.0,100.0
49,0.0264,2449,5.4778,0.7496,0.2073,0.7361,0.8664,0.8487,0.6420,0.7651,0.6754,0.6615,0.7409,0.6880,0.8072,0.8095,0.6846,0.6760,0.8932,0.2485,0.2139,0.4831,0.2467,0.2102,0.1280,0.0241,0.1208,0.0752,0.1552,0.1583,0.0647,0.0606,0.4000,1059.8,5266.0,100.0
50,0.0267,2449,5.4774,0.7496,0.2074,0.7362,0.8665,0.8487,0.6419,0.7650,0.6753,0.6616,0.7410,0.6880,0.8074,0.8093,0.6846,0.6756,0.8933,0.2509,0.2139,0.4807,0.2431,0.2102,0.1280,0.0241,0.1208,0.0752,0.1552,0.1583,0.0647,0.0606,0.4000,1040.4,5266.0,91.0
